{
	"183224722": {
		"prefix": "Денис"
	},
	"211304579": {
		"prefix": "Иннокентий"
	},
	"216498781": {
		"prefix": "Андрей"
	},
	"263128508": {
		"prefix": "Роман"
	},
	"303918580": {
		"prefix": "Сергей"
	},
	"314330172": {
		"prefix": "Даня"
	},
	"318460347": {
		"prefix": "Артём"
	},
	"324836188": {
		"prefix": "Август"
	},
	"336008129": {
		"prefix": "Коля"
	},
	"339414555": {
		"prefix": "Савелий"
	},
	"390894806": {
		"prefix": "Диана"
	},
	"400460833": {
		"prefix": "Евгений"
	},
	"405193377": {
		"prefix": "Август"
	},
	"428093884": {
		"prefix": "Юкио"
	},
	"438486523": {
		"prefix": "Рустам"
	},
	"442217643": {
		"prefix": "Ростислав"
	},
	"450272827": {
		"prefix": "Эмили"
	},
	"454175975": {
		"prefix": "Александра"
	},
	"462951787": {
		"prefix": "Румзан"
	},
	"464461786": {
		"prefix": "Маргарита"
	},
	"473292612": {
		"prefix": "Бот"
	},
	"474668811": {
		"prefix": "Anton"
	},
	"480886945": {
		"prefix": "Вера"
	},
	"485897289": {
		"prefix": "Руслан"
	},
	"485900486": {
		"prefix": "Рустам"
	},
	"492268536": {
		"prefix": "Аня"
	},
	"495575926": {
		"prefix": "Кирилл"
	},
	"504409265": {
		"prefix": "Аня"
	}
}